dataset,source_family,split_seed,role,rows,entities,positive_count,negative_count,prevalence,difference_from_domain_prevalence,role_hash,cap_reads_labels
acsincome_region,acs,0,source_train,100000,100000,32915,67085,0.32915,0.00032256089432286528,5a4276de9bbfd0d4723312abdf5dc8eb2977a87879cdb736877636d104dd4fcf,False
acsincome_region,acs,0,source_tune,20000,20000,6541,13459,0.32705000000000001,-0.0017774391056771255,baef883212a17f8fb02668206cde244d8fab35d689b7bea0570aeda17f92529c,False
acsincome_region,acs,0,source_probability_calibration,20000,20000,6636,13364,0.33179999999999998,0.002972560894322851,ca5ad7c1bb895a9eb83290b22701950154bddc01fd98736d5364c1728349b2bd,False
acsincome_region,acs,0,source_conformal_calibration,20000,20000,6566,13434,0.32829999999999998,-0.00052743910567715213,8fda9d7bc468e54a0c851bcafbb9f19184fc1926395e12e57d58251a6b58b533,False
acsincome_region,acs,0,source_id_test,30000,30000,9831,20169,0.32769999999999999,-0.0011274391056771416,9d97c89f16ee2e0d7e1dcee84a085bde5d5e658ab99f5a1a489239a742a86533,False
acsincome_region,acs,0,target_adaptation_pool,33811,33811,13667,20144,0.40421756233178552,0.0016021448846036956,be91f1f7e1abbf7ae1a7981cbfa641b51b47ff66a524a30771b7967352b98408,False
acsincome_region,acs,0,target_final_test,50000,50000,20062,29938,0.40123999999999999,-0.001375417447181837,affae59e26b71ce98bd234f295fb9df98e26cbd99b8b6ea1e88f2fed3f15a1dd,False
